<?xml version="1.0" encoding="UTF-8"?>
<project-private xmlns="http://www.netbeans.org/ns/project-private/1">
    <editor-bookmarks xmlns="http://www.netbeans.org/ns/editor-bookmarks/2" lastBookmarkId="0"/>
    <open-files xmlns="http://www.netbeans.org/ns/projectui-open-files/2">
        <group>
            <file>file:/E:/IF/IF%202022-2Ano/PR-I/Telas/sis_doa/src/br/com/sis_doa_svp/view/ProdutosVIEW.java</file>
            <file>file:/E:/IF/IF%202022-2Ano/PR-I/Telas/sis_doa/src/br/com/sis_doa_svp/view/DoacaoVIEW.java</file>
            <file>file:/E:/IF/IF%202022-2Ano/PR-I/Telas/sis_doa/src/br/com/sis_doa_svp/view/DoadorVIEW.java</file>
            <file>file:/E:/IF/IF%202022-2Ano/PR-I/Telas/sis_doa/src/br/com/sis_doa_svp/view/TelaPrincipal.java</file>
        </group>
    </open-files>
</project-private>
